feature,target,model,n_countries,avg_rmse,std_rmse,min_rmse,max_rmse,avg_mase,std_mase
electricity_generation,co2,ARIMA,19,139.22999208166794,316.2138446389895,9.277584726573686,1446.4328393309113,1.7344089988760498,1.366533006608007
electricity_generation,co2,LSTM,19,164.16928275987223,204.2749686866313,21.692268541133625,742.6889557684032,3.34330224032658,2.4025524978360195
electricity_generation,co2,Bi-LSTM,19,231.2276616637264,410.21153171875756,15.652356127924214,1855.4962569389497,3.585700508403678,2.2227215556178783
electricity_generation,co2,ED-LSTM,19,424.10182930792234,979.9312641792869,20.495996372375803,4274.069661790638,4.266645984156144,3.1518066746562674
electricity_generation,co2,CNN,19,267.7267465965051,449.9853934201316,21.987148214877497,1541.5474614056918,3.5215512527654513,2.5085342871488345
oil_consumption,co2,ARIMA,19,181.54094134017515,392.37218076863775,5.9527689300069175,1774.434642314348,2.4491701951906366,1.934548847656435
oil_consumption,co2,LSTM,19,515.9350773957322,1484.6001500427458,12.38618766126484,6751.310910141429,5.5153919712504464,5.192264263270009
oil_consumption,co2,Bi-LSTM,19,435.9971168711037,1308.661059933148,17.148307765290145,5973.529590632291,5.640569059315089,5.249036959001517
oil_consumption,co2,ED-LSTM,19,522.0340986328089,1614.7522797837726,19.902268210182875,7343.915888649088,5.405713990870974,5.37673458723751
oil_consumption,co2,CNN,19,237.73033809481885,553.0475345017455,14.102061175303414,2560.2884923766333,4.3468203181158245,3.7574743776484443
energy_cons_change_pct,co2,ARIMA,19,124.31073244712692,164.76263189527697,6.715311245784937,766.0675768619263,2.73379760340845,2.0203208490004387
energy_cons_change_pct,co2,LSTM,19,653.941815377443,1687.4992875400947,48.00771065503492,7582.328700349328,8.181877045833255,5.915209516600182
energy_cons_change_pct,co2,Bi-LSTM,19,675.278446011182,1797.5949494790304,45.916288305845654,8087.334201815997,8.336003902706707,6.331973035460083
energy_cons_change_pct,co2,ED-LSTM,19,686.5412645348486,1802.791935058957,53.27852466917402,8122.404761674792,8.604487140011226,6.043288440749319
energy_cons_change_pct,co2,CNN,19,680.4177253274696,1805.5363587476159,37.47771822293511,8125.252493662529,8.081290911427509,6.351821595112438
oil_cons_change_pct,co2,ARIMA,19,131.7683962360562,175.17849657950342,7.856109448831367,823.7908401932498,2.8337971772380954,1.8078838503703452
oil_cons_change_pct,co2,LSTM,19,703.1711865640183,1774.2363634615645,59.88310012502581,8066.032784128006,10.678759521116577,9.401029351480002
oil_cons_change_pct,co2,Bi-LSTM,19,677.1785611001984,1699.359007802958,55.054978805779335,7667.896667178725,10.194208640425186,8.16667345552955
oil_cons_change_pct,co2,ED-LSTM,19,688.7884073469683,1768.8792844411928,62.53035824598141,8020.173502758192,9.860491729666919,6.174659104634036
oil_cons_change_pct,co2,CNN,19,698.0517280752603,1749.7604104191653,49.02808249021555,7910.910497724458,10.406623357041768,8.244122776907965
renewables_consumption,co2,ARIMA,19,882.7582912931886,3018.712482951859,12.497785998844535,13637.359752523083,21.73558891803469,79.5112008353784
renewables_consumption,co2,LSTM,19,1125.6194897316286,1529.7900009651928,13.188790949302636,5559.018727260396,37.70287384259179,72.36929040097
renewables_consumption,co2,Bi-LSTM,19,720.3094034899019,1230.4110692070014,14.659801885179599,5631.832613105836,16.08044042260951,15.182028096267471
renewables_consumption,co2,ED-LSTM,19,1617.9417534012705,3400.1489570435147,12.356417004560377,15164.262915036023,36.42884679581312,58.263908241612256
renewables_consumption,co2,CNN,19,1182.3277622471226,2501.338820922462,23.812942704085575,11125.31573846236,19.509090817909602,24.46321050866918
wind_cons_change_twh,co2,ARIMA,19,670.6008612312353,1274.3793482858373,31.141669828954957,3798.930208019848,16.5452061379773,42.37757234972466
wind_cons_change_twh,co2,LSTM,19,8693.013882769397,26192.991598649536,29.886775544143294,115780.17856281679,131.14321736199227,310.74074004392963
wind_cons_change_twh,co2,Bi-LSTM,19,5098.34523000689,13480.96137133624,26.558863023607138,51759.20961738974,174.61479773001415,667.4145053348354
wind_cons_change_twh,co2,ED-LSTM,19,1373.3991998215843,3062.5515175945234,14.292048801853577,12190.188795711714,27.524890625423524,72.12448359122003
wind_cons_change_twh,co2,CNN,19,8293.51360705608,18763.09324036495,17.99508595520954,78943.1367975842,213.03742724783106,477.3806302735274
hydro_consumption,co2,ARIMA,19,175.14756464611898,290.5849159766308,14.03884924779471,1322.7898095020591,2.98619926363409,1.7801668269734845
hydro_consumption,co2,LSTM,19,464.2189863737584,1188.7465618648287,14.944822728257506,5484.908082449726,7.931655131480703,6.144163254566363
hydro_consumption,co2,Bi-LSTM,19,214.05764967100805,223.0149575720797,15.82364374126042,1037.6095242183762,6.630843375896305,5.750155520547571
hydro_consumption,co2,ED-LSTM,19,702.009089983634,2092.110533024753,22.61276588220253,9542.263836978284,8.91284923424078,7.90506797780063
hydro_consumption,co2,CNN,19,382.0029913081515,899.6443575206288,17.663565571195996,4164.902135751438,7.001265336401677,5.857616427528806
gas_prod_change_twh,co2,ARIMA,19,138.32632897500105,247.95079574025735,7.950282921645604,1124.1423383680797,2.387916440776513,1.5529974300840614
gas_prod_change_twh,co2,LSTM,19,413.5633741872533,453.33449172480346,75.39660947148374,1891.7828079100505,15.070843864318919,23.35482769904929
gas_prod_change_twh,co2,Bi-LSTM,19,582.2371592443928,1054.6082712077,72.65892410449963,4602.4568891402605,14.614861319111553,20.36273480960448
gas_prod_change_twh,co2,ED-LSTM,19,540.9481218356726,791.5360129959565,76.7463959898461,3190.301745965577,18.93719689851743,38.11568617221569
gas_prod_change_twh,co2,CNN,19,470.07868689576503,623.6766703650084,75.28216560629502,2258.6251320890756,13.460722358578009,15.672491611026617
energy_per_capita,co2,ARIMA,19,115.90393737148511,236.70910694140917,10.4917750087044,1072.9212459146308,1.775371263859749,1.2435139770800259
energy_per_capita,co2,LSTM,19,247.80522805439335,553.2075046517003,20.812947376961155,2553.325627992679,4.359554561834203,3.1933822687282336
energy_per_capita,co2,Bi-LSTM,19,334.51344669870355,948.4206055337095,19.17106610703095,4342.176285595156,4.577601852552063,3.6017126371466386
energy_per_capita,co2,ED-LSTM,19,231.75855089714457,388.15738867265924,24.6833458796161,1800.3048261050515,5.55561511700638,4.206269311746919
energy_per_capita,co2,CNN,19,171.74552340238859,316.72702971288743,13.014287703522903,1255.5641099870295,3.2062880780724394,2.877373095983002
coal_consumption,co2,ARIMA,19,84.39204386487819,101.65700697832975,9.477541690872789,469.5218277371936,2.026454182100067,1.44909426146608
coal_consumption,co2,LSTM,19,257.96090061461126,383.6806721218134,27.197660824405805,1727.4177302902322,5.599052269152983,3.588375760762288
coal_consumption,co2,Bi-LSTM,19,246.22282188206134,427.3622402999509,28.48892038274531,1943.5086203518536,5.649980796720462,4.667547990884135
coal_consumption,co2,ED-LSTM,19,288.5000664512683,528.1406910449963,35.984590435841874,1835.5841578972188,5.292379363414859,3.713073912349654
coal_consumption,co2,CNN,19,156.38371759110504,175.70201129690224,13.294957376379301,627.7372775569461,4.859163948512585,5.215219365925117
renewables_cons_change_twh,co2,ARIMA,19,522.5257413289552,1672.4711760095547,10.499646697305655,7587.663507114226,9.539795664974445,28.877807540207765
renewables_cons_change_twh,co2,LSTM,19,433.07688085403595,697.377909079193,67.00514508672309,2432.7939279215566,9.879291642313971,12.479248824537768
renewables_cons_change_twh,co2,Bi-LSTM,19,567.3662783129257,1208.9235436246192,68.93639596760917,5502.082781320062,11.113261851442982,10.891500145399997
renewables_cons_change_twh,co2,ED-LSTM,19,527.4842499257375,799.1702944856734,70.208354516439,3109.7375668447767,15.286104338761394,22.69739696638265
renewables_cons_change_twh,co2,CNN,19,525.5027468040125,1343.8140442536942,64.1416424923837,6176.50067220469,9.388013550326875,10.04341201650043
low_carbon_consumption,co2,ARIMA,19,916.6939528951501,3018.4236063737635,16.350901726091422,13637.359752523083,21.98589357278943,79.44694642459461
low_carbon_consumption,co2,LSTM,19,569.33566214533,848.0785138333018,19.884893742160916,3624.2396345955713,14.994913112113101,28.791444217434094
low_carbon_consumption,co2,Bi-LSTM,19,446.2720184502127,645.375706368486,19.90036562924446,2602.719154589299,9.286582147299827,8.4732794274012
low_carbon_consumption,co2,ED-LSTM,19,1049.9471924156783,2746.616896238667,13.256463673650446,12554.965935274135,18.48982259290453,27.050965852108195
low_carbon_consumption,co2,CNN,19,852.855975099498,2723.033868786391,17.01798322343164,12376.426860676178,7.896412953987616,8.361709880216216
other_renewables_cons_change_twh,co2,ARIMA,19,200.7990747854794,406.1335278093155,16.109679692692158,1834.2878222674588,2.448767422326429,1.2394334175182287
other_renewables_cons_change_twh,co2,LSTM,19,859.6871277933856,1620.922073480221,22.772262280898794,6433.725433245672,13.731469345875396,19.338567141689428
other_renewables_cons_change_twh,co2,Bi-LSTM,19,901.4444632099076,2212.1455675389125,32.63078744315248,10129.809884231656,11.974423808397168,10.763688419651764
other_renewables_cons_change_twh,co2,ED-LSTM,19,2553.953229019518,8995.31661366692,48.360051719829684,40562.35324085426,18.20326895616513,29.078157684014766
other_renewables_cons_change_twh,co2,CNN,19,1003.4963770953523,2819.8302940618746,27.006653176517048,12847.659027171365,11.077898695570724,10.685838529450848
co2_per_unit_energy,co2,ARIMA,19,88.7294569698187,109.61797805198812,9.875307567101752,510.6464462587487,2.032504987964752,1.4779701161864265
co2_per_unit_energy,co2,LSTM,19,458.2630785115776,1110.4910618914512,47.00873059631696,5076.58629654649,7.249975171718226,6.304967002819445
co2_per_unit_energy,co2,Bi-LSTM,19,361.2322313683565,627.1109942545262,33.19956517894011,2583.7290033422564,6.670299399849905,5.7311694175252565
co2_per_unit_energy,co2,ED-LSTM,19,437.03696033756063,766.284712672093,28.402462546995555,3263.3324760666983,8.04830094816257,7.505026149404138
co2_per_unit_energy,co2,CNN,19,287.35390687759246,444.91511159391945,35.62567257192104,1985.120586062763,6.78014047933691,6.267219818966821
fossil_fuel_consumption,co2,ARIMA,19,71.91726484288783,143.7570830901765,5.714033455973088,634.8172555906748,0.9905030824552997,0.5410962958817891
fossil_fuel_consumption,co2,LSTM,19,273.3920308562761,604.0231997433568,9.680046728419782,2685.0573491250425,3.568568016854455,2.432141811977498
fossil_fuel_consumption,co2,Bi-LSTM,19,279.2101285585666,694.4344564238921,9.149206850772346,3178.267293809474,3.7001499538287046,3.0330095725503674
fossil_fuel_consumption,co2,ED-LSTM,19,149.27870470990177,130.29863639844277,18.946798157214268,492.5878751262782,4.3683454520813125,3.2057491441566963
fossil_fuel_consumption,co2,CNN,19,96.31298771306193,162.19991641802432,12.712978541223173,696.3975356180504,1.666907741208767,0.7490933857476177
nuclear_consumption,co2,ARIMA,19,202.90757019098078,426.22539549216896,11.722618136413768,1966.9041973027674,3.051929937011034,2.0216052543349132
nuclear_consumption,co2,LSTM,19,1507.6403151987306,5489.024869193997,21.58942613836508,24781.574626581085,10.260974420963267,14.510970317851891
nuclear_consumption,co2,Bi-LSTM,19,446.6750787419367,992.6956053199598,22.499764845409448,4565.136089337892,7.4374372723965,6.221236638300077
nuclear_consumption,co2,ED-LSTM,19,1203.2168270310387,4104.994437577842,19.88581753336344,18586.40789227492,9.91109763544899,11.842307433547042
nuclear_consumption,co2,CNN,19,934.0396987313273,3150.4606517238685,17.483780448359376,14283.405017161618,8.775497719081146,9.80512263180323
co2_growth_prct,co2,ARIMA,19,83.64064459311912,103.96411867852615,8.30186528225159,463.0090634090636,1.9187653720624553,1.65767504487546
co2_growth_prct,co2,LSTM,19,707.9781518283955,1786.9239887963167,46.28925271414252,7999.385848268365,9.16531222502061,5.860674470270469
co2_growth_prct,co2,Bi-LSTM,19,710.4375220724919,1867.8632461433724,36.95732072416543,8416.176888657232,8.848900077437078,6.0859473577510395
co2_growth_prct,co2,ED-LSTM,19,698.7229518631128,1865.5973511539744,33.212496184830755,8399.237060353953,8.628484354643858,6.16749568191608
co2_growth_prct,co2,CNN,19,675.8918231591243,1717.2582243890613,39.157779104503085,7712.430413222482,8.73997589225383,5.706329618788609
gas_cons_change_pct,co2,ARIMA,19,120.4026569044435,120.67652148402817,9.933907378132657,458.44911125766004,2.6335286708716983,1.7272629196319098
gas_cons_change_pct,co2,LSTM,19,662.2010579274024,1793.8349040443295,50.91847254300481,8157.696075889279,8.745889255555099,6.248430788280768
gas_cons_change_pct,co2,Bi-LSTM,19,647.7570524254076,1790.4345310314773,56.710792890060006,8146.480378449988,8.442310990979331,6.067927475417205
gas_cons_change_pct,co2,ED-LSTM,19,636.7795573969983,1770.669690631261,49.87572162307267,8082.358938489364,8.503480130310693,5.967207340420845
gas_cons_change_pct,co2,CNN,19,570.3744463521092,1536.139073014618,55.05637580460484,6990.134015528258,7.731083424784159,5.341786228679271
gas_consumption,co2,ARIMA,19,218.3003769948438,403.1608052054285,9.403960201656286,1726.3300269422916,2.9174924802793605,1.5153458432717117
gas_consumption,co2,LSTM,19,354.033678772447,689.9143743248743,20.14083485205271,3033.2489398687103,6.5592804646500715,6.9653026678350605
gas_consumption,co2,Bi-LSTM,19,203.9482601547959,241.0783003104159,15.649253400437074,936.1259094116693,4.5961800759131926,3.430218320955028
gas_consumption,co2,ED-LSTM,19,570.1963659369496,1596.0024896854397,37.14732940946232,7221.634235824672,6.285040678261684,4.997520455324229
gas_consumption,co2,CNN,19,762.1590751745274,2317.378299735391,12.833998545266684,10485.37274190482,6.6721704164085205,6.947112104108491
energy_per_gdp,co2,ARIMA,19,103.43796919387856,108.96642155166808,11.087964521608956,450.33595436313277,2.3820315336960163,1.6866648871131544
energy_per_gdp,co2,LSTM,19,756.6336518419183,1806.816741031276,32.02294292183104,8210.750356214994,10.688989659280328,7.897938525955229
energy_per_gdp,co2,Bi-LSTM,19,752.2977026510785,1804.9779597407498,19.507993523892733,8129.223344238551,10.474398794397368,7.60416017403144
energy_per_gdp,co2,ED-LSTM,19,745.0855989168194,1772.7305406938447,28.95683398315374,8057.5254505597,11.651179122662082,8.265713587473028
energy_per_gdp,co2,CNN,19,676.9385141935239,1525.5861227263558,42.47857225690267,6823.645512548701,10.913333258620126,7.240867641833787
population,co2,ARIMA,19,147.96009413371058,209.7219575237491,15.909327023224758,928.5867733648735,3.198902392718814,1.6977622974054956
population,co2,LSTM,19,357.80054081405024,870.1944042126909,38.65663213602309,3966.396305075386,5.921230700091541,5.17973612371422
population,co2,Bi-LSTM,19,383.4190293354739,984.2371371860222,17.95106919246498,4497.393625108314,5.762064506172107,5.133293874147002
population,co2,ED-LSTM,19,280.855538214259,481.5155381080044,25.39554469225797,1795.9567830054623,7.061055965658218,8.60375508067156
population,co2,CNN,19,469.6158004171959,1128.8786716710156,12.457608426724727,5078.457909498843,6.58567005956973,5.307014395831012
electricity_generation,gdp,ARIMA,19,208398779349.34863,262314101331.9285,23815179003.42049,1073685280467.1182,1.1666611432562128,0.692848925213181
electricity_generation,gdp,LSTM,19,615708709493.6675,752375555374.3248,36074567223.987495,2912711991738.0186,3.512785909354139,2.8804318826027395
electricity_generation,gdp,Bi-LSTM,19,948599679314.6163,1576061522774.0522,62977001654.473976,6414034939426.017,4.2502583502128735,2.8913565677322297
electricity_generation,gdp,ED-LSTM,19,1181117151607.1438,1965618896107.119,34431016373.6243,7329712957545.024,5.515964936837887,4.376162561035198
electricity_generation,gdp,CNN,19,508111346519.694,617533049948.7522,67641550262.65085,2356087382527.279,3.248237897056609,2.39784517192449
oil_consumption,gdp,ARIMA,19,308143088738.24335,536408753389.93353,23837925527.594814,2388876954194.756,1.507672909850704,0.8922139011395285
oil_consumption,gdp,LSTM,19,1148576508834.5051,1534993962627.9697,60979404546.256454,7246635700938.574,9.745551777968513,7.270071558689903
oil_consumption,gdp,Bi-LSTM,19,1520712201884.4531,2456626842678.928,64076098194.05579,9450207878354.105,8.754995483391566,6.203963438525556
oil_consumption,gdp,ED-LSTM,19,1209018329353.9463,1703637714785.8577,78525890077.92809,8015551740775.945,8.924444544687839,6.433481068429781
oil_consumption,gdp,CNN,19,1300461578466.069,1703321056606.7522,90144411571.09079,7533683086782.668,9.462002368206836,6.3944582817434945
energy_cons_change_pct,gdp,ARIMA,19,363304589821.7039,681695985342.1708,30444656860.29928,2964971867760.7007,1.5087423052513371,1.08103787008151
energy_cons_change_pct,gdp,LSTM,19,2606855684674.2476,4392850396319.756,192856749355.50995,18531894536245.465,13.176363274878598,4.71310762169137
energy_cons_change_pct,gdp,Bi-LSTM,19,2618774998258.4985,4305808351070.5825,302232826623.6127,18181924442797.85,13.923358795008895,4.404347419385409
energy_cons_change_pct,gdp,ED-LSTM,19,2655040590919.483,4371214425550.7505,185228906448.9581,18649978543598.062,14.235955387744205,5.590278982308623
energy_cons_change_pct,gdp,CNN,19,2608958755021.2695,4341385584120.975,329241351896.84937,18661513431528.227,13.90427181647941,4.408435929525891
oil_cons_change_pct,gdp,ARIMA,19,612299638490.4706,1542247389186.259,27135015153.084404,6757573373258.063,1.6875237366443945,1.3237884558471427
oil_cons_change_pct,gdp,LSTM,19,2777494061768.926,4393968813435.38,410767785007.327,18528918627907.887,15.789248963519427,5.512870485793676
oil_cons_change_pct,gdp,Bi-LSTM,19,2650112449907.2773,4159043889761.197,370605836740.83484,17786895269397.887,15.640549020158678,5.985145646267951
oil_cons_change_pct,gdp,ED-LSTM,19,2692250947429.9946,4283598401704.413,414537939036.01154,18635506198143.77,15.845583980440132,5.998657603663171
oil_cons_change_pct,gdp,CNN,19,2703162392030.767,4251134929724.817,364570113829.3736,18242701475939.56,15.76946137251195,5.468548947370645
renewables_consumption,gdp,ARIMA,19,2152672526601.2698,6810362813963.43,39244975444.9716,30827308762238.13,21.993739127715163,78.13088640643689
renewables_consumption,gdp,LSTM,19,4338397983987.862,5865705612234.368,63484368622.586784,22704836349732.887,33.42267338781935,38.59875332853348
renewables_consumption,gdp,Bi-LSTM,19,2392715038627.773,2201532630412.2676,115557058557.0901,8230542415616.063,25.802085045222054,27.4731380294213
renewables_consumption,gdp,ED-LSTM,19,4183438357067.3306,4833304513309.03,87882208266.92679,15956254151133.559,39.80529025264121,58.736641740378914
renewables_consumption,gdp,CNN,19,2222687354832.2627,2416430434731.626,174532818661.94708,7884357204903.025,18.918702300449315,20.070001825974742
wind_cons_change_twh,gdp,ARIMA,19,2783364719725.9336,6422673898160.086,79147471916.02892,28707810651340.043,32.56755820925133,89.75375231257358
wind_cons_change_twh,gdp,LSTM,19,24816056706811.42,90723606151743.0,183660004125.26105,409221002182796.7,70.91648602328128,131.02265393867754
wind_cons_change_twh,gdp,Bi-LSTM,19,10955792534184.473,20262475974732.28,165953785616.80225,77028005207421.25,100.95445011519803,179.32538015721698
wind_cons_change_twh,gdp,ED-LSTM,19,1620888174364.3252,1667760307762.1624,220631987175.57706,8143749402646.593,16.736182074204244,22.116450504697784
wind_cons_change_twh,gdp,CNN,19,26023604359728.844,45877316531668.6,208292124619.99255,157458605425751.94,378.5062844549558,920.6589654105921
hydro_consumption,gdp,ARIMA,19,258609170625.2062,373889226462.53485,39234313387.496796,1443351757708.6343,1.2671468310542116,0.5708527107087495
hydro_consumption,gdp,LSTM,19,1626064640363.0515,2062714299176.4568,291796041968.70917,9488756950324.77,13.588505874044332,8.83971537625925
hydro_consumption,gdp,Bi-LSTM,19,1884081962052.5059,2574220780309.8833,303512817046.1296,9237955472437.94,14.269511586383407,8.558209558875138
hydro_consumption,gdp,ED-LSTM,19,1868927221791.5107,2151080676866.6177,204020452827.70724,9214954492075.914,15.281784271450018,8.955272958089706
hydro_consumption,gdp,CNN,19,1481864779065.2483,1788548306065.6655,302821117441.13336,8405403826111.531,13.659837465599633,8.137852039119224
gas_prod_change_twh,gdp,ARIMA,19,664148597647.8812,1329062984983.9978,40042721554.36817,5244578517595.226,2.7740840404050253,1.5228974992612914
gas_prod_change_twh,gdp,LSTM,19,2855223412671.1055,3497028407529.3945,344004850371.2648,13073771348544.547,23.069911359736956,23.794207033950237
gas_prod_change_twh,gdp,Bi-LSTM,19,2491429285879.669,3284592346254.0034,315074047694.94507,11932211975793.943,17.124982915427733,6.064557300351092
gas_prod_change_twh,gdp,ED-LSTM,19,2295384860249.989,2374843580862.0854,346915792766.7525,9652572262808.531,20.16493499491481,11.106057165188501
gas_prod_change_twh,gdp,CNN,19,2523952114153.417,3564368126909.8037,362411797954.27795,15067134765289.273,17.244665204667555,7.499406011986723
energy_per_capita,gdp,ARIMA,19,418232655224.9265,863122016856.3162,21822300653.064766,3911190970229.7417,1.8069184643702287,1.0680578843468547
energy_per_capita,gdp,LSTM,19,1653436713100.8994,2876381574527.8994,111888741059.27904,12003668416858.8,10.437771117350307,7.266244192272095
energy_per_capita,gdp,Bi-LSTM,19,1317192423348.6924,2144903088720.9434,68685322357.25782,10061404891277.445,10.616234768779469,7.500698947667261
energy_per_capita,gdp,ED-LSTM,19,1412175598776.455,2091786625125.891,102952405932.95486,9296651719549.236,10.83119390073242,7.397188261708207
energy_per_capita,gdp,CNN,19,1439514290228.1262,2407207124681.079,86836901832.75056,11183389886761.326,10.161882062290065,7.310443478812257
coal_consumption,gdp,ARIMA,19,734133200899.9597,1625703397877.5654,26292924596.4486,6733794709981.847,2.586030217249005,1.996821678152242
coal_consumption,gdp,LSTM,19,1405357972900.5203,2559790010044.948,132254832599.68205,10692699109838.318,8.567716668620193,6.803365097056795
coal_consumption,gdp,Bi-LSTM,19,1258461411060.6726,2490958031413.143,83533364625.9498,10926766079383.39,7.670460165904929,6.688581271365308
coal_consumption,gdp,ED-LSTM,19,1630948302384.5906,2482739988061.6562,71765642337.5501,10429638001535.768,10.122703517156296,8.185896020398605
coal_consumption,gdp,CNN,19,1371968740551.361,2783613666549.3374,76990781333.31508,10943223358457.842,7.144203559959703,6.214035820586586
renewables_cons_change_twh,gdp,ARIMA,19,1866388364319.3967,6322759765368.258,32139260390.579445,28575276626134.41,19.65103828909983,76.1292286189092
renewables_cons_change_twh,gdp,LSTM,19,2429294131159.9243,2967748464265.1104,321248556255.3703,11422592129012.246,22.42435090327288,35.78702264515748
renewables_cons_change_twh,gdp,Bi-LSTM,19,1871544803999.0198,2097876435916.5688,293651875013.61975,7850886459097.369,13.541190716728496,5.950094425583806
renewables_cons_change_twh,gdp,ED-LSTM,19,3412506468398.5483,5087590256700.238,410837713649.9623,21802268102035.75,34.984634529284975,73.88780821630586
renewables_cons_change_twh,gdp,CNN,19,1701282368613.1057,2057210512959.391,401799566188.5482,9147381254224.842,13.697150341285491,8.035616633575138
low_carbon_consumption,gdp,ARIMA,19,2143706913411.5613,6848678364162.082,15530916078.536346,30827308762238.13,20.700615055188816,78.36120802889081
low_carbon_consumption,gdp,LSTM,19,1940969120458.5908,1908323531174.5808,165725195249.36823,7124151914684.533,15.648435768553645,12.781672448485772
low_carbon_consumption,gdp,Bi-LSTM,19,1954242851838.401,2645985871276.862,220763142622.18585,11064614021332.596,12.63480318473696,10.785622577721988
low_carbon_consumption,gdp,ED-LSTM,19,2385811160291.684,2431605280134.5864,142313093944.967,8544301858886.621,16.852465049798123,12.418594911730183
low_carbon_consumption,gdp,CNN,19,1056083421365.5189,1586375164569.9807,199692975646.9183,7343500147094.788,8.705203932242942,8.922808243972428
other_renewables_cons_change_twh,gdp,ARIMA,19,632071919517.7345,1240723975709.2878,38830842397.151634,4674595417776.385,2.1687645510827562,1.807066994757008
other_renewables_cons_change_twh,gdp,LSTM,19,2604874589678.8843,3523364802320.377,305244795599.4177,12610736706326.887,16.43132967054073,15.310648928084838
other_renewables_cons_change_twh,gdp,Bi-LSTM,19,2237210006593.5684,2818942242250.1357,294545712610.5196,8959836448953.781,13.646779839651652,12.134597000165796
other_renewables_cons_change_twh,gdp,ED-LSTM,19,6985890954776.417,16129727922633.514,419457644232.5707,72609624552827.22,28.612761131424776,33.08099118104988
other_renewables_cons_change_twh,gdp,CNN,19,2802907828909.7534,3907210050312.1357,326906209326.77106,16902848179893.422,20.820776895827922,28.23303607022931
co2_per_unit_energy,gdp,ARIMA,19,518083996442.79645,1140894578888.7576,31804735160.520638,4912193112097.5625,1.9820420429221883,1.1297692876727832
co2_per_unit_energy,gdp,LSTM,19,1731065975966.4941,2350484771734.63,242123004521.63315,10172904680752.656,12.803582619829395,8.208621525677229
co2_per_unit_energy,gdp,Bi-LSTM,19,1940712539330.6545,2229819590758.42,135828213267.00388,7834191549616.664,14.61356109871171,10.855237995925888
co2_per_unit_energy,gdp,ED-LSTM,19,1791545324707.4424,1871069943814.895,339709036865.575,8059873110117.013,14.548964290013517,6.819949918984625
co2_per_unit_energy,gdp,CNN,19,1961877331601.0288,2554575363866.9194,248821560715.2711,9777758264460.797,13.846233634395139,9.952194626058306
fossil_fuel_consumption,gdp,ARIMA,19,580219477289.6984,1300095903989.8025,36942806028.17426,5713351646340.265,1.9088611109373015,1.1349966226188242
fossil_fuel_consumption,gdp,LSTM,19,1294596399523.3257,1597314766068.559,37616001110.30674,5530488286105.029,8.45661673349411,6.941978184254442
fossil_fuel_consumption,gdp,Bi-LSTM,19,1026761606651.5382,1373223668683.36,67523530847.54384,5677983491991.099,6.453279125344816,4.040126840833587
fossil_fuel_consumption,gdp,ED-LSTM,19,1355231631913.958,2118355507400.5566,74011667214.5329,8069264971662.045,8.704087536367377,7.047587928436365
fossil_fuel_consumption,gdp,CNN,19,969741211463.9564,1455556378964.5967,34318429127.286633,5200054139958.22,5.951483027534572,4.005600040308522
nuclear_consumption,gdp,ARIMA,19,969814567437.6932,2670984501749.852,31120196591.571575,12057721192434.1,2.421024359951711,2.0028132950785436
nuclear_consumption,gdp,LSTM,19,1341965289054.786,1174516473082.5298,181980326035.84732,4287986348090.212,12.718322658761931,9.2815825740138
nuclear_consumption,gdp,Bi-LSTM,19,1618659780052.1497,2353476755107.6455,237163686372.52222,10763190736659.344,12.384182626239715,7.266578865183585
nuclear_consumption,gdp,ED-LSTM,19,1275711181439.3423,1224198108401.8757,158481413120.0498,5189064275652.441,12.336476528561775,8.602395544218782
nuclear_consumption,gdp,CNN,19,1856261372700.4482,2916568307048.018,244287067387.82886,13412353669435.875,12.830192453587584,8.403226256220792
co2_growth_prct,gdp,ARIMA,19,372960601681.8982,674601027704.1329,42339856266.46408,2986582480422.967,1.8551573491498647,1.3605833707091026
co2_growth_prct,gdp,LSTM,19,2790539089751.151,4465397310093.871,376626792244.62775,18705633526754.54,15.921551691408414,4.6161798167794625
co2_growth_prct,gdp,Bi-LSTM,19,2744880135589.044,4370233770079.019,384272978851.2744,18681025424497.316,16.124057768530342,4.852281701031588
co2_growth_prct,gdp,ED-LSTM,19,2735925985444.5312,4359569828860.8843,389673820658.45764,18718181563648.836,15.94838040665884,4.963657451280675
co2_growth_prct,gdp,CNN,19,2616028263843.123,3997213747468.493,299322648161.6869,16600707666820.344,15.542506236922867,5.27083354200913
gas_cons_change_pct,gdp,ARIMA,19,331760937069.8631,519774392321.21826,23779405020.623215,1995515430080.0796,1.4858240016283344,1.0253531484343532
gas_cons_change_pct,gdp,LSTM,19,2546991645256.287,4335599658550.24,331817752821.01013,18724476092621.344,14.051859207965633,5.298995021658545
gas_cons_change_pct,gdp,Bi-LSTM,19,2366232894935.775,3943544488153.8213,304008267230.47363,17307234266355.209,13.417104995279336,5.524886373241073
gas_cons_change_pct,gdp,ED-LSTM,19,2614129856995.7275,4379033887456.6484,313341209235.74506,18668450096155.85,14.022800371441205,5.2212662466755315
gas_cons_change_pct,gdp,CNN,19,2380090407390.003,3907327316769.0557,342659997574.26215,17113378649452.02,13.677900207659969,5.028919485065033
gas_consumption,gdp,ARIMA,19,378884091106.7679,572636255301.0634,22623960815.652847,2558763473525.229,2.233362115310775,1.849159592945607
gas_consumption,gdp,LSTM,19,2631468685264.84,6090571567472.394,22541618923.68121,22447200187251.387,8.02840972443692,8.483347567192835
gas_consumption,gdp,Bi-LSTM,19,1891375375287.4436,4330586741317.186,17827418810.465683,19350974056012.74,7.715467312677298,7.392803893408199
gas_consumption,gdp,ED-LSTM,19,1698136692283.8079,3142658193910.968,49236900636.282455,11712967051151.527,7.301470230285863,4.304640791157567
gas_consumption,gdp,CNN,19,2445343147756.1064,6622341053011.786,40017112000.1639,29490108554645.695,5.911129253986279,5.203960019967582
energy_per_gdp,gdp,ARIMA,19,614544374072.1455,1492861850614.5437,50290668823.778206,6717640997239.514,1.8264784141010235,0.9675281715576092
energy_per_gdp,gdp,LSTM,19,2117799416385.9219,4080469329476.843,40294992525.2564,18113295714699.652,12.472041122393252,9.586750349338468
energy_per_gdp,gdp,Bi-LSTM,19,2088959440049.1687,4378616243321.901,64868548415.51097,19409308856820.83,11.67297543998177,9.857035253521719
energy_per_gdp,gdp,ED-LSTM,19,2180215419584.5918,4213143667338.5835,49977639737.02386,18831237025711.99,12.940789434203126,8.625801755744128
energy_per_gdp,gdp,CNN,19,2031916734055.199,3874342536429.022,57809538206.3638,16869540106426.244,12.18770921093036,10.346321870365234
population,gdp,ARIMA,19,602453405671.2703,1531136357381.4146,17028527957.078342,7008705559773.5625,2.3749846794994145,1.604060330178898
population,gdp,LSTM,19,1096765738597.6885,2225319206799.0083,89906747373.49675,10223523843605.77,6.255732071507292,5.130641025034499
population,gdp,Bi-LSTM,19,1038454006439.5183,2299888116041.5293,70346882988.25626,10563801801818.63,5.572387706500854,5.014431531773307
population,gdp,ED-LSTM,19,1200777453176.4177,2078542185721.2307,82044303225.79411,7392186570389.476,7.374763554781223,6.1236632606971355
population,gdp,CNN,19,1276288776760.1255,2836978869288.895,76589734562.71352,12879967024438.186,6.520309118886066,4.929286885157588
electricity_generation,primary_energy_consumption,ARIMA,19,289.2176523456346,485.91324525264287,36.94360097227159,2280.8256051575117,1.052179091191297,0.5630224070729707
electricity_generation,primary_energy_consumption,LSTM,19,634.3269115866345,865.1681325951064,34.26760628765599,4003.7595356282804,2.8030034520800218,2.371256554122084
electricity_generation,primary_energy_consumption,Bi-LSTM,19,725.138481040594,1526.14083820555,33.43495222710603,7051.764911883066,2.204463071070252,1.5903952127250363
electricity_generation,primary_energy_consumption,ED-LSTM,19,1080.9706400973712,2739.0204654233407,49.087330823926045,12528.769292638846,2.8131425057586523,1.939160008816747
electricity_generation,primary_energy_consumption,CNN,19,624.5612881153806,1301.9658772828388,29.93015432122996,6054.677770913881,2.046103552028052,1.5829646043731889
oil_consumption,primary_energy_consumption,ARIMA,19,300.80891575740867,428.43249260955713,43.85546350783648,1864.9298424048961,1.3495557921465668,0.7281896917252869
oil_consumption,primary_energy_consumption,LSTM,19,972.8246322318063,1754.6992726236538,75.44054045027526,7940.8448164593665,4.756950339575404,4.382828368926797
oil_consumption,primary_energy_consumption,Bi-LSTM,19,962.4310876681915,1952.8484095393148,59.9317804837965,8980.468510550209,4.087822136366715,2.994385129852411
oil_consumption,primary_energy_consumption,ED-LSTM,19,1273.6069783122082,2516.690569820687,74.62615278017002,11423.155523752004,6.238804622004183,8.708099926334746
oil_consumption,primary_energy_consumption,CNN,19,511.895119159422,405.77157342772085,46.89073801137708,1900.6470601961319,4.015178454036083,3.222449697434289
energy_cons_change_pct,primary_energy_consumption,ARIMA,19,316.1206479809033,627.1497863703794,14.294510049145805,2915.657227409095,1.331068643466351,1.1500424509458764
energy_cons_change_pct,primary_energy_consumption,LSTM,19,2810.501513988731,7103.635844190198,105.61539300104508,32223.008760910714,8.570730647178438,6.709305518689352
energy_cons_change_pct,primary_energy_consumption,Bi-LSTM,19,2788.4441642825545,7053.582145279153,70.6301471687202,31955.019464285208,8.646867696607673,6.867318028744112
energy_cons_change_pct,primary_energy_consumption,ED-LSTM,19,2932.926378114299,7061.339459436057,85.89237123553664,32144.50088850939,9.793961627639597,6.2272931453951745
energy_cons_change_pct,primary_energy_consumption,CNN,19,2835.360772153887,7003.0323469529785,140.1931456703722,31752.63360042557,8.862466295899312,6.832048871461663
oil_cons_change_pct,primary_energy_consumption,ARIMA,19,398.2981982252802,713.115768193474,41.745156137291225,3362.2112990474297,1.826061984344101,1.0157387949218055
oil_cons_change_pct,primary_energy_consumption,LSTM,19,2886.2352587922423,6571.233676454888,65.10238069409466,29718.80671108349,10.572773942870853,7.454165490639125
oil_cons_change_pct,primary_energy_consumption,Bi-LSTM,19,2795.4608107497816,6689.124710956999,55.5249778443638,30427.577872426937,10.381424755781689,7.630688240668662
oil_cons_change_pct,primary_energy_consumption,ED-LSTM,19,2845.416778045845,7039.826621403882,68.77601274166183,32186.678382193386,10.218779776190248,7.337278777540101
oil_cons_change_pct,primary_energy_consumption,CNN,19,2860.8655088027554,6748.460801793888,71.22153877690388,30797.251654176274,11.038901767725102,8.167575988119319
renewables_consumption,primary_energy_consumption,ARIMA,19,2708.43357440014,10056.186953815877,49.87025523350647,45341.183035710754,19.452948932622302,74.76999800473534
renewables_consumption,primary_energy_consumption,LSTM,19,3775.4332156689857,5537.0067269356905,77.60299146019709,23175.951581088008,31.986813583311353,60.33847662624933
renewables_consumption,primary_energy_consumption,Bi-LSTM,19,2515.619545640305,3103.5547607119247,105.90651533629342,11874.821004150237,16.208211322890627,19.737473755794685
renewables_consumption,primary_energy_consumption,ED-LSTM,19,3815.1045694588315,5769.9545797741985,175.1013428966336,22599.679457766702,32.02246941998602,69.97947765003674
renewables_consumption,primary_energy_consumption,CNN,19,4241.3629105385935,7224.9769200447645,138.5440741095407,26502.824635876153,26.925932927286347,52.170517503711686
wind_cons_change_twh,primary_energy_consumption,ARIMA,19,1548.3733388554156,2561.7051718272687,89.50144769911086,8193.203513156233,13.658381325751096,36.7435152969865
wind_cons_change_twh,primary_energy_consumption,LSTM,19,51858.87657203578,159337.7044691053,185.12210004059892,709558.6241771289,241.46064227608431,625.1174934362192
wind_cons_change_twh,primary_energy_consumption,Bi-LSTM,19,12184.522013203024,24149.516730714644,104.01659670043952,92300.65173489663,83.19885103224057,226.26736100965658
wind_cons_change_twh,primary_energy_consumption,ED-LSTM,19,5087.130550003791,9556.831623544269,44.18036534848802,32394.17387164723,35.78138054000535,79.36977388162498
wind_cons_change_twh,primary_energy_consumption,CNN,19,65370.41638591117,193051.3924504351,217.40862419880776,860091.7633627047,372.2976393801436,1075.9982893695587
hydro_consumption,primary_energy_consumption,ARIMA,19,340.72494499529193,418.4076589758382,54.115658543878304,1995.716133946488,1.873308233391823,1.1137403290017605
hydro_consumption,primary_energy_consumption,LSTM,19,1391.4774755047579,2032.3058694164858,132.23642081614108,9091.334705453992,8.116340955811765,6.726927233034619
hydro_consumption,primary_energy_consumption,Bi-LSTM,19,1963.6469887243702,4680.339863803111,168.12342943907103,21438.487036054623,8.116614753010975,7.151173644771596
hydro_consumption,primary_energy_consumption,ED-LSTM,19,2460.399478343108,6290.372158064006,107.9069240030387,28796.05932379935,9.004840568507742,7.665888384051284
hydro_consumption,primary_energy_consumption,CNN,19,1285.3162550697064,2289.130347238203,142.01759123036155,10465.773046640375,7.2677694068936445,6.53219661228998
gas_prod_change_twh,primary_energy_consumption,ARIMA,19,532.5804014170803,1025.5732810763272,70.19597508145341,4817.343837237144,2.47154594408953,1.3067584967614188
gas_prod_change_twh,primary_energy_consumption,LSTM,19,2374.2126043814096,3036.179231230434,172.15186231211743,11684.063303004456,18.771463467595204,35.218925156367426
gas_prod_change_twh,primary_energy_consumption,Bi-LSTM,19,2142.6393710886796,2593.0314676913517,206.94267040317757,9188.637845505202,13.44076984920124,11.024526602220917
gas_prod_change_twh,primary_energy_consumption,ED-LSTM,19,2412.1886505124794,3328.6865351146457,140.6946567042205,14126.17787842386,16.881793130894447,25.421761266191595
gas_prod_change_twh,primary_energy_consumption,CNN,19,2192.5360877367116,2723.0985185721825,215.24115418108016,9434.162581624621,13.330344684445649,10.827730085422306
energy_per_capita,primary_energy_consumption,ARIMA,19,104.45429449873956,135.892492283411,13.967328497914028,547.9899329724792,0.5924361951639232,0.6396887207082503
energy_per_capita,primary_energy_consumption,LSTM,19,923.6868405658049,1712.9964010391395,64.31313849184838,6814.384418613452,3.7516482877491715,2.9947926261297613
energy_per_capita,primary_energy_consumption,Bi-LSTM,19,829.1989773132218,1667.0037184449636,66.11853668414192,6103.352654932926,3.330245418809477,3.086867287055797
energy_per_capita,primary_energy_consumption,ED-LSTM,19,1333.6067597030508,2689.367481612309,86.30580386096273,11114.89817260658,4.3987671126858885,3.391483275147388
energy_per_capita,primary_energy_consumption,CNN,19,878.6828259675813,1955.559303981366,35.7117054316598,8400.615380359754,3.4751802463300243,3.496036512411742
coal_consumption,primary_energy_consumption,ARIMA,19,344.76011840408887,512.785365658077,34.167340653066674,2456.321437265216,2.05095761352215,1.4109687836259333
coal_consumption,primary_energy_consumption,LSTM,19,1264.2261029126548,1587.2523905522821,40.23897321291461,5816.329004241573,7.252485224575284,7.5098962993796645
coal_consumption,primary_energy_consumption,Bi-LSTM,19,1086.991853718946,1696.9966075065456,52.55099384663474,7005.058912243352,5.9614574402519045,4.987157060896145
coal_consumption,primary_energy_consumption,ED-LSTM,19,1527.1685636069722,2216.3789976122316,180.8836347829419,8906.317459964272,7.6968860451234145,4.483537530871979
coal_consumption,primary_energy_consumption,CNN,19,1155.042979935649,1549.196475188041,36.030445229196225,6002.021075507478,7.346095819445227,7.532197484612291
renewables_cons_change_twh,primary_energy_consumption,ARIMA,19,2958.577995386881,10896.45601629916,91.5264290498675,49149.55934347188,18.796066158023354,70.0122047717571
renewables_cons_change_twh,primary_energy_consumption,LSTM,19,2108.9549124101177,2514.650303527738,114.30386318924867,8130.759879872971,13.367871798474162,14.16056674903039
renewables_cons_change_twh,primary_energy_consumption,Bi-LSTM,19,1717.0127542595135,2272.8674230205834,126.016647153099,9117.59016641661,10.736659172613637,11.226655994994818
renewables_cons_change_twh,primary_energy_consumption,ED-LSTM,19,2661.1966714388946,3699.7235031832056,92.59543203525396,12800.482795441261,18.565113986179497,30.735697574429796
renewables_cons_change_twh,primary_energy_consumption,CNN,19,2022.5147442037241,3029.098595851644,190.59621779885077,13649.06821588697,13.033675688746138,14.915810884942497
low_carbon_consumption,primary_energy_consumption,ARIMA,19,2755.196154823392,10048.828647878981,52.05262306489619,45341.183035710754,19.55572724989624,74.74767201501409
low_carbon_consumption,primary_energy_consumption,LSTM,19,8229.210359968543,28756.835054815543,107.1873391195448,130013.99118350758,17.27261136551734,26.45196009262779
low_carbon_consumption,primary_energy_consumption,Bi-LSTM,19,2017.3798324028437,4806.402311985274,90.35873988754368,22071.127770296174,9.11328088492888,8.373118211690512
low_carbon_consumption,primary_energy_consumption,ED-LSTM,19,2921.0427241428624,6105.83818247973,92.31303102019025,26856.609383880917,13.102296685768499,16.406010074591116
low_carbon_consumption,primary_energy_consumption,CNN,19,2214.379694122385,5125.551125196189,106.19055324055336,23621.14578750432,10.522471740908026,15.765669949012375
other_renewables_cons_change_twh,primary_energy_consumption,ARIMA,19,392.0318255088859,402.39396300554614,72.06624162178346,1878.8177919987331,2.1684619695631056,1.3741011197880804
other_renewables_cons_change_twh,primary_energy_consumption,LSTM,19,1563.0774409574622,2391.2954487169095,119.32878661221939,11103.95556227408,8.429221536634012,6.448846628169745
other_renewables_cons_change_twh,primary_energy_consumption,Bi-LSTM,19,3395.543101419202,6554.893666350678,169.22732871602975,27451.627495240893,14.84109721517801,19.127330804226283
other_renewables_cons_change_twh,primary_energy_consumption,ED-LSTM,19,4058.032436485508,10601.119223402024,169.260078977178,48309.11389959973,12.75765202770265,10.541899701808665
other_renewables_cons_change_twh,primary_energy_consumption,CNN,19,4046.270509210752,8863.125439841453,220.36828289828873,38949.03600860517,21.251140491932276,42.73271270543971
co2_per_unit_energy,primary_energy_consumption,ARIMA,19,342.8336839309088,304.32774227750957,35.33722313411771,1438.505433731637,2.0536507402352897,1.1947975885604487
co2_per_unit_energy,primary_energy_consumption,LSTM,19,1511.3272060554275,2240.4841702592657,170.88278303750144,8096.214101032131,7.493888438709544,5.600008118432475
co2_per_unit_energy,primary_energy_consumption,Bi-LSTM,19,1137.6470539242862,1475.2864386180158,92.0154960905525,5504.946145842738,6.437795949287789,5.765569318929663
co2_per_unit_energy,primary_energy_consumption,ED-LSTM,19,2077.2386686425925,3285.807749668097,178.95425843513684,12567.099632296819,9.716088764657574,7.339207343829379
co2_per_unit_energy,primary_energy_consumption,CNN,19,1140.9549924586158,1243.3590676703245,132.50952899957943,5377.752247384918,7.354188703180886,5.500140463106591
fossil_fuel_consumption,primary_energy_consumption,ARIMA,19,234.45473560874058,547.0519272103714,5.359757382572452,2509.5468252848063,0.839192411669085,0.7499602282559271
fossil_fuel_consumption,primary_energy_consumption,LSTM,19,964.1575367541062,2412.4133405785046,31.396541887067485,11084.5070696669,3.3588622304570905,2.896752932679044
fossil_fuel_consumption,primary_energy_consumption,Bi-LSTM,19,1328.452184898577,3828.763728375748,46.675846441256475,17399.828492076118,3.1752322408754505,2.529209434971786
fossil_fuel_consumption,primary_energy_consumption,ED-LSTM,19,734.472149241606,953.5011937654201,63.71218030371605,3385.62247991684,4.1644078289832756,5.21945268455024
fossil_fuel_consumption,primary_energy_consumption,CNN,19,425.3420371151906,810.1152589036503,24.734758878261868,3652.4247096491777,1.6046550594130025,0.8389898147233297
nuclear_consumption,primary_energy_consumption,ARIMA,19,737.2350746843888,1989.579227198875,49.62552457194947,9148.720906109806,2.2959895344924686,1.4525482489503179
nuclear_consumption,primary_energy_consumption,LSTM,19,3649.39469670053,12131.619509086679,139.4941192939629,55013.440386519476,8.579817265637955,8.687301437221395
nuclear_consumption,primary_energy_consumption,Bi-LSTM,19,1521.7779155920146,3302.3290721686203,127.38350896795617,15238.547207740576,7.266475539432611,6.687447248347674
nuclear_consumption,primary_energy_consumption,ED-LSTM,19,2143.398028017514,5529.844765561492,135.42710865931588,25309.049406563765,7.769073243385148,6.683113534387747
nuclear_consumption,primary_energy_consumption,CNN,19,3187.365051780663,10725.356849366592,162.85660633554218,48635.27452642473,8.279539082210256,8.157592623656672
co2_growth_prct,primary_energy_consumption,ARIMA,19,345.7756547905289,460.26938722388815,32.3979296702775,2041.1149724720533,1.864084573201367,1.087028395779653
co2_growth_prct,primary_energy_consumption,LSTM,19,2960.188335028994,7234.711379584735,150.20273897809253,32802.07906973337,9.623422851717669,6.638726768946711
co2_growth_prct,primary_energy_consumption,Bi-LSTM,19,2960.103557919369,7265.209510151955,116.15657596662545,32788.45667928032,9.430301119811416,7.1089084315009226
co2_growth_prct,primary_energy_consumption,ED-LSTM,19,2946.267947894437,7069.729282042788,133.7329213459923,32053.428679433335,9.823513543842221,7.273066127823569
co2_growth_prct,primary_energy_consumption,CNN,19,2844.132468225358,6633.9220347210685,94.96216211136779,30039.318756765653,9.853494423420221,6.887168644178385
gas_cons_change_pct,primary_energy_consumption,ARIMA,19,414.6910995699713,632.8903926017881,42.34863799545965,3008.1520564755892,1.997712805581052,1.192364839515826
gas_cons_change_pct,primary_energy_consumption,LSTM,19,2670.3050861607553,7041.873140466114,154.46165321574935,32270.976858238777,9.35396107842706,5.933535163180676
gas_cons_change_pct,primary_energy_consumption,Bi-LSTM,19,2723.3806364950256,7029.128829939861,174.3265103856764,32221.36041487749,9.57485619932955,5.910590349452346
gas_cons_change_pct,primary_energy_consumption,ED-LSTM,19,2757.783110907094,6978.43568642503,129.13697410840834,32000.59978376515,9.619845109285363,5.926508556290083
gas_cons_change_pct,primary_energy_consumption,CNN,19,2757.977144240546,7157.470240971105,188.79918478879165,32826.35645176864,9.570967169390862,5.541113448707361
gas_consumption,primary_energy_consumption,ARIMA,19,445.140604693988,492.5948294173778,48.17987110171721,2176.3963285191626,2.2165363760434986,1.0123134226849866
gas_consumption,primary_energy_consumption,LSTM,19,3641.0344789932637,11341.396618465074,63.10986226396568,50723.06575089707,5.934090523478009,6.740987281590672
gas_consumption,primary_energy_consumption,Bi-LSTM,19,3981.367141399694,13151.467691339738,56.49555938925143,59208.14401331589,5.691569408727136,6.857997326759719
gas_consumption,primary_energy_consumption,ED-LSTM,19,2087.0327721188696,5710.082809897645,62.397714901016776,26068.065152968975,6.024872647083171,4.887056128042519
gas_consumption,primary_energy_consumption,CNN,19,3553.4312693320912,12494.22445487707,55.58619340813083,56463.0202229249,5.884873667341089,7.221844906823688
energy_per_gdp,primary_energy_consumption,ARIMA,19,299.2065568572372,284.807041616257,56.30261888043899,1342.7606760409656,1.8831117931043326,0.999796074693258
energy_per_gdp,primary_energy_consumption,LSTM,19,2950.761679833529,6732.425356246968,240.81294366282424,30714.807477414088,12.918119575109221,8.734145939613017
energy_per_gdp,primary_energy_consumption,Bi-LSTM,19,3000.5306371164424,7056.63194804124,232.5212260643017,32258.427232643135,12.74265568066363,9.330835791977192
energy_per_gdp,primary_energy_consumption,ED-LSTM,19,2936.559039146643,6845.4716987269085,251.92826235667064,31313.97342300234,12.662536406119175,8.832345253523247
energy_per_gdp,primary_energy_consumption,CNN,19,2987.1034229809266,6618.772894270254,101.11949911508944,30132.52585759241,13.226804176349853,9.068113572170033
population,primary_energy_consumption,ARIMA,19,480.0387454919689,690.0085105243325,56.310663007026285,2886.489484179566,2.4244899205188175,1.3881270460819408
population,primary_energy_consumption,LSTM,19,1292.0218342608339,2952.5341153390286,117.90509591897924,13400.774627424487,5.3854423460426375,3.3698835478289864
population,primary_energy_consumption,Bi-LSTM,19,1501.0624021072874,4353.9168369865,108.30553215437381,19932.752507020214,4.896313094912889,3.2341490455930018
population,primary_energy_consumption,ED-LSTM,19,755.1121100663195,1044.7654120293012,167.51779463172485,4539.638388429916,4.914261958188036,3.198963937122306
population,primary_energy_consumption,CNN,19,1479.1039854981989,4041.7718892586186,67.99091343097271,18442.416109659513,4.459071072981381,3.1496717303817756
